1,1,"","頑強"
2,1,"","瞑想"
3,1,"","技巧"
4,1,"","先制"
5,1,"","破壊"
6,2,"","閃光"
7,2,"","好機"
8,2,"","豊穣"
9,2,"","集中"
10,2,"","天啓"
11,3,"","アゾット剣"
12,3,"","偽臣の書"
13,3,"","青の黒鍵"
14,3,"","緑の黒鍵"
15,3,"","赤の黒鍵"
16,3,"","凛のペンダント"
17,3,"","魔導書"
18,3,"","龍脈"
19,3,"","魔術鉱石"
20,3,"","竜種"
21,4,"","鋼の鍛錬"
22,4,"","原始呪術"
23,4,"","投影魔術"
24,4,"","ガンド"
25,4,"","緑の破音"
26,4,"","宝石魔術・対影"
27,4,"","優雅たれ"
28,4,"","虚数魔術"
29,4,"","天の晩餐"
30,4,"","天使の詩"
31,5,"","フォーマルクラフト"
32,5,"","イマジナリ・アラウンド"
33,5,"","リミテッド／ゼロオーバー"
34,5,"","カレイドスコープ"
35,5,"","ヘブンズ・フィール"
36,4,"","旅の始まり"
37,3,"","葦の海"
38,4,"","封印指定 執行者"
39,4,"","マグダラの聖骸布"
40,5,"","プリズマコスモス"
41,5,"","不夜の薔薇"
42,3,"","ムーンセル・オートマトン"
43,4,"","ムーニー・ジュエル"
44,5,"","月女神の沐浴"
45,5,"","ムーンライト・フェスト"
46,3,"","ルーンストーン"
47,4,"","一の太刀"
48,5,"","黒の聖杯"
49,3,"","ジャック・オー・ランタン"
50,3,"","トリック・オア・トリート"
51,4,"","ハロウィン・アレンジメント"
52,5,"","ハロウィン・プリンセス"
53,5,"","ハロウィン・プチデビル"
54,5,"","メイド・イン・ハロウィン"
55,3,"","そして船は征く"
56,4,"","コードキャスト"
57,5,"","月の勝利者"
58,5,"","もう一つの結末"
59,3,"","Fate ぐだぐだオーダー"
60,4,"","打ち上げオーダー！"
61,5,"","ぐだお"
62,5,"","ぐだぐだ看板娘"
63,3,"","概念礼装EXPカード：おき太"
64,4,"","概念礼装EXPカード：ノッブ"
65,3,"","魔猪"
66,4,"","騎士の矜持"
67,5,"","2030年の欠片"
68,3,"","雷光のトナカイ君"
69,4,"","聖者の行進"
70,5,"","プレゼント・フォー・マイマスター"
71,5,"","ホーリーナイト・サイン"
72,3,"","時計塔"
73,4,"","死霊魔術"
74,4,"","目覚めた意志"
75,5,"","五百年の妄執"
76,3,"","2016年の平穏"
77,4,"","ヒロイック・ニューイヤー"
78,3,"","ジャングルの掟"
79,5,"","グランド・ニューイヤー"
80,5,"","モナ・リザ"
81,4,"","ハッピー×3・オーダー"
82,5,"","ピュアリー・ブルーム"
83,5,"","アルトリアの星"
84,3,"","正射必中"
85,4,"","みこっと！花嫁修業"
86,5,"","紅蓮なり影の国"
87,4,"","概念礼装EXPカード：謎の物質α"
88,3,"","概念礼装EXPカード：謎の物質β"
89,3,"","柳洞寺"
90,3,"","魔力計"
91,3,"","愛の霊薬"
92,3,"","シュトルヒリッター"
93,3,"","阿蘭若"
94,3,"","モータード・キュイラッシェ"
95,3,"","ライオンのぬいぐるみ"
96,3,"","ルーの光輪"
97,5,"","聖者の依代"
98,4,"","千年黄金樹"
99,4,"英霊肖像","英霊肖像：マシュ・キリエライト"
100,4,"英霊肖像","英霊肖像：アルトリア・ペンドラゴン"
101,4,"英霊肖像","英霊肖像：ジャンヌ・ダルク"
102,4,"英霊肖像","英霊肖像：アルテラ"
103,4,"英霊肖像","英霊肖像：アルジュナ"
104,4,"英霊肖像","英霊肖像：スカサハ"
105,4,"英霊肖像","英霊肖像：牛若丸"
106,4,"英霊肖像","英霊肖像：ヘンリー・ジキル＆ハイド"
107,4,"英霊肖像","英霊肖像：メフィストフェレス"
108,4,"英霊肖像","英霊肖像：ダレイオス３世"
109,3,"","涙のバレンタイン道場"
110,4,"","キッチン☆パティシエール"
111,5,"","ストリート・チョコメイド"
112,5,"","メルティ・スイートハート"
113,4,"チョコレート","カルデアスタンダード"
114,4,"チョコレート","クラウンセイバー"
115,4,"チョコレート","クラウンセイバー・モルガン"
116,4,"チョコレート","牧場のチョコ"
117,4,"チョコレート","皇帝チョコ"
118,4,"チョコレート","エンローバーフォトン"
119,4,"チョコレート","マキシム・ド・シュヴァリエ"
120,4,"チョコレート","ヴィクトリーローズ"
121,4,"チョコレート","八つ橋チョコ"
122,4,"チョコレート","ストロベリーサンダークランチチョコ"
123,4,"チョコレート","五月の風"
124,4,"チョコレート","アップル・アロー・チョコ"
125,4,"チョコレート","へびチョコ（てきとう）"
126,4,"チョコレート","タスケテ"
127,4,"チョコレート","是非もないチョコ"
128,4,"チョコレート","たこたこメイデン"
129,4,"チョコレート","ビター・ピッチブラック"
130,4,"チョコレート","ワールドエンド・ホワイト"
131,4,"チョコレート","氷の叡智チョコ"
132,4,"チョコレート","ブランドチョコ"
133,4,"チョコレート","名刀薄緑チョコ風味"
134,4,"チョコレート","王家の白馬"
135,4,"チョコレート","手作りクッキーと物体X"
136,4,"チョコレート","ジョッキボンボン"
137,4,"チョコレート","トレジャー・チョコレート"
138,4,"チョコレート","クリスマスの思い出"
139,4,"チョコレート","メリー☆メリー"
140,4,"チョコレート","カボチャメイデン"
141,4,"チョコレート","ショコラ・ジュエル"
142,4,"チョコレート","重箱洋菓子九重巡り"
143,4,"チョコレート","パウダー・シュガー・スノー・テイル"
144,4,"チョコレート","へびチョコ（愛を込めて）"
145,4,"チョコレート","ドスチョコ・ビター"
146,4,"チョコレート","ジャワより愛をこめて"
147,4,"チョコレート","ブラッドルビー・チョコレート"
148,4,"チョコレート","おかあさんへ"
149,4,"チョコレート","ドゥ・スタリオンチョコ"
150,4,"チョコレート","リボン付清姫"
151,4,"チョコレート","ワンダフル・ライフ"
152,4,"チョコレート","ヘキサゴン・チョコボルト"
153,4,"チョコレート","st.オルレアン"
154,5,"","首切りバニー2016"
155,5,"","老成の翁"
156,5,"","冠位人形師"
157,5,"","三重結界"
158,4,"","拳舞は鮮やかに"
159,4,"","歪曲の魔眼"
160,4,"","夏の未来視"
161,4,"","リフレイン"
162,3,"","スプリンター"
163,3,"","リピート・マジック"
164,3,"","概念礼装EXPカード：九字兼定"
165,5,"","キス・ユア・ハンド"
166,5,"","センセイとボク"
167,5,"","ヴァーサス"
168,4,"","月下の四匹"
169,4,"","グラスフル・スイートタイム"
170,3,"","サロン・ド・マリー"
171,3,"","プリンス・オブ・スレイヤー"
172,4,"","ノイジー・オブセッション"
173,4,"","Last Encore"
174,4,"","［Heaven’s Feel］"
175,5,"","理想の王聖"
176,4,"","レコードホルダー"
177,3,"","波濤の獣"
178,5,"","パーソナル・トレーニング"
179,5,"","カルデアの顕学"
180,5,"","カルデアを導く乙女"
181,5,"","慈悲無き者"
182,4,"","毒蛇一芸"
183,4,"","死の芸術"
184,4,"","柔らかな慈愛"
185,5,"","月霊髄液"
186,4,"","恋知らぬ令嬢"
187,3,"","セルフ・ギアス・スクロール"
188,5,"","目醒め前"
189,5,"","至るべき場所"
190,3,"","概念礼装EXPカード：刻印虫"
191,4,"絆礼装","星の王冠"
192,4,"絆礼装","王の遺物"
193,4,"絆礼装","串刺し公の凱旋"
194,4,"絆礼装","天の啓示"
195,4,"絆礼装","竜の記憶"
196,4,"絆礼装","赤原猟兵"
197,4,"絆礼装","雪の城"
198,4,"絆礼装","森なりし聖"
199,4,"絆礼装","灼熱の抱擁"
200,4,"絆礼装","価値無き宝"
201,4,"絆礼装","永劫の孤独"
202,4,"絆礼装","王妃の贈り物"
203,4,"絆礼装","エリクサー"
204,4,"絆礼装","わたしの首飾り"
205,4,"絆礼装","彼のくれた杖"
206,4,"絆礼装","アイアン・メイデン"
207,4,"絆礼装","ネコエプロン"
208,4,"絆礼装","勝利の渇き"
209,4,"絆礼装","親愛なる君へ"
210,4,"絆礼装","聖なる献身"
211,5,"","遮那王流離譚"
212,5,"","ゴールデン捕鯉魚図"
213,5,"","狐の夜の夢"
214,4,"","恋談火焔行"
215,3,"","勧進帳読み上げ"
216,4,"絆礼装","王律鍵"
217,4,"絆礼装","ゴールデングラス"
218,4,"絆礼装","万雷の喝采"
219,4,"絆礼装","ラインの黄金"
220,4,"絆礼装","女神のきらめき"
221,4,"絆礼装","花の船出"
222,4,"絆礼装","契約の箱"
223,4,"絆礼装","バビロンへの扉"
224,4,"絆礼装","血を啜る斧"
225,4,"絆礼装","叛逆せよ"
226,5,"","Go West!!"
227,5,"","英雄風采 三英傑"
228,4,"","三昧真火"
229,3,"","三色兼備"
230,4,"絆礼装","トライスター・ベルト"
231,4,"絆礼装","黄金の舵"
232,4,"絆礼装","黒騎士の兜"
233,4,"絆礼装","黄金のリンゴ"
234,4,"絆礼装","カボチャの聖杯"
235,4,"絆礼装","回転式火縄銃"
236,4,"絆礼装","ラムレイ二号"
237,4,"絆礼装","心を留めるもの"
238,4,"絆礼装","在りし日の栄光"
239,4,"絆礼装","山中の天"
240,5,"","風雲仙姫"
241,5,"","九首牛魔羅王"
242,5,"","パーソナル・レッスン"
243,3,"","ブロンズリンク・マニピュレーター"
244,3,"","アトゴウラ"
245,3,"","過ぎ去りし夢"
246,3,"","激辛麻婆豆腐"
247,3,"","宝石剣ゼルレッチ"
248,4,"絆礼装","たまも倶楽部"
249,4,"絆礼装","覚悟の鉢金"
250,4,"絆礼装","キャリコ・ジャック"
251,4,"絆礼装","魔境に臨みて"
252,4,"絆礼装","預言の星"
253,4,"絆礼装","ヘカテの錫杖"
254,4,"絆礼装","カタチのない島"
255,4,"絆礼装","賢者の樽"
256,4,"絆礼装","シャイタンの腕"
257,4,"絆礼装","アリアドネの糸"
258,5,"","花より団子"
259,4,"","忠犬待ったなし"
260,3,"","秘剣・雉子返し"
261,5,"","ゴールデン相撲～岩場所～"
262,5,"","月の湯治"
263,5,"","起源弾"
264,4,"","援護射撃"
265,3,"","カムランの戦い"
266,4,"絆礼装","私は誰だ？"
267,4,"絆礼装","霧夜の倫敦"
268,4,"絆礼装","ワンダーランド"
269,4,"絆礼装","顔の無い王"
270,4,"絆礼装","薄緑"
271,4,"絆礼装","九賓の礼"
272,4,"絆礼装","方天画戟"
273,4,"絆礼装","残せるもの"
274,4,"絆礼装","熱き門"
275,4,"絆礼装","ハイドン・セット"
276,4,"","アニバーサリー・ヒロインズ"
277,5,"","足どりは軽やかに"
278,5,"","王の相伴"
279,4,"","ゴールドフィッシュ・スクーピング"
280,3,"","ファイヤーフラワー"
281,4,"絆礼装","雷電の手"
282,4,"絆礼装","授かりの英雄"
283,4,"絆礼装","貧者の一灯"
284,4,"絆礼装","人間への道程"
285,4,"絆礼装","黒の兜"
286,4,"絆礼装","ガリア戦記"
287,4,"絆礼装","ローマ"
288,4,"絆礼装","五条大橋の邂逅"
289,4,"絆礼装","穢れし死の仮面"
290,4,"絆礼装","すごく便利"
291,5,"","パイレーツ・パーティー！"
292,5,"","サマータイム・ミストレス"
293,4,"","トワイライト・メモリー"
294,3,"","シャイニー・ゴッデス"
295,5,"","ナイツ・オブ・マリーンズ"
296,5,"","カルデア・ライフセーバーズ"
297,4,"","ミートウォーズ"
298,3,"","虚影の塵風かき氷"
299,4,"絆礼装","殲滅リスト"
300,4,"絆礼装","消えざる炎"
301,4,"絆礼装","月桂樹の指輪"
302,4,"絆礼装","最後の戦い"
303,4,"絆礼装","智慧の魚"
304,4,"絆礼装","螺湮城教本"
305,4,"絆礼装","寄生爆弾蟲"
306,4,"絆礼装","勇士の滾り"
307,4,"絆礼装","忌まわしきは我が人生"
308,4,"絆礼装","愛、此処にはなく"
309,5,"","蒼玉の魔法少女"
310,4,"","見敵必殺"
311,3,"","ずんがずんが！"
312,4,"","カレイドルビー"
313,4,"","カレイドサファイア"
314,3,"","概念礼装EXPカード：マジカルルビー"
315,4,"絆礼装","無我識 心空妙有"
316,4,"絆礼装","天草四郎陣中旗"
317,4,"絆礼装","シャトー・ディフ"
318,4,"絆礼装","無限のパンケーキ"
319,4,"絆礼装","赤いジャンパー"
320,4,"絆礼装","この世ならざる幻馬"
321,4,"絆礼装","友からの手紙"
322,4,"絆礼装","クランの猛犬"
323,4,"絆礼装","女神のきらめき"
324,4,"絆礼装","英雄の武装"
325,5,"","誉れを此処に"
326,4,"","原初のレギオン"
327,3,"","月に吼える"
328,5,"","白薔薇の姫"
329,5,"","ジョイント・リサイタル"
330,5,"","カルデア・ランチタイム"
331,3,"","フラガラック"
332,3,"","天の逆月"
333,3,"","ヒュドラ・ダガー"
334,4,"絆礼装","不撓不屈"
335,4,"絆礼装","たった一人の戦争"
336,4,"絆礼装","聖なる泉"
337,4,"絆礼装","不滅なる刃"
338,4,"絆礼装","隠された女神"
339,4,"絆礼装","文明の灯火"
340,4,"絆礼装","技量、神域に達する"
341,4,"絆礼装","騎士の誓い"
342,4,"絆礼装","エレメンタル"
343,4,"絆礼装","真・階差機関"
344,5,"","デンジャラス・ビースト"
345,4,"","月夜の魔女"
346,3,"","ロマニ・アーキマン伯爵の歓待"
347,5,"","勇者エリちゃんの冒険"
348,4,"","ウィザード＆プリースト"
349,3,"","マタ・ハリの酒場"
350,4,"絆礼装","焔刑の地獄"
351,4,"絆礼装","ゴルディアスの結び目"
352,4,"絆礼装","白竜"
353,4,"絆礼装","陽の差さぬ此処へ"
354,4,"絆礼装","天の衣"
355,4,"絆礼装","黄金律の発露"
356,4,"絆礼装","この大地の精霊"
357,4,"絆礼装","銃を拝見"
358,4,"絆礼装","百人蔵書"
359,4,"絆礼装","最後の欠片"
360,4,"","Fate/EXTELLA"
361,4,"霊子肖像","霊子肖像：ネロ・クラウディウス"
362,4,"霊子肖像","霊子肖像：無銘"
363,4,"霊子肖像","霊子肖像：玉藻の前"
364,4,"霊子肖像","霊子肖像：カルナ"
365,4,"霊子肖像","霊子肖像：アルテラ"
366,4,"霊子肖像","霊子肖像：ギルガメッシュ"
367,4,"絆礼装","神便鬼毒酒"
368,4,"絆礼装","童子切安綱"
369,4,"絆礼装","ラムセウム"
370,4,"絆礼装","骨刀（無銘）"
371,4,"絆礼装","ゴールデンベアー号"
372,4,"絆礼装","グリンガレット"
373,4,"絆礼装","ただ一度の嘘"
374,4,"絆礼装","行使されざる王権"
375,4,"絆礼装","鬼の面"
376,4,"絆礼装","炊けども尽きぬ"
377,4,"絆礼装","王の馬"
378,4,"絆礼装","万能の智、根底の知"
379,4,"絆礼装","サンセット・ビーチ"
380,4,"絆礼装","湖の乙女"
381,4,"絆礼装","夏の思い出"
382,4,"絆礼装","ただいま入浴中！"
383,4,"絆礼装","プリドゥエン"
384,4,"絆礼装","砂浜ラブレター（恐怖）"
385,4,"絆礼装","失われた右腕"
386,4,"絆礼装","存在の証明"
387,5,"","静穏なひと時"
388,4,"","聖夜の読書"
389,3,"","聖者の招待"
390,5,"","聖夜の晩餐"
391,4,"絆礼装","チャンピオンカップ"
392,4,"絆礼装","夢幻召喚（インストール）"
393,4,"絆礼装","運命の蛇"
394,4,"絆礼装","ホーリー・ナックル"
395,4,"絆礼装","最低限のたしなみ"
396,4,"絆礼装","痛覚共有"
397,4,"絆礼装","地の底の信仰"
398,4,"絆礼装","ハロウィンへの招待状"
399,4,"","First Order"
400,5,"","魔性菩薩"
401,4,"","ルームガーダー"
402,3,"","ミラクル求道者"
403,4,"絆礼装","七頭の戦鎚シタ"
404,4,"絆礼装","フワワの花"
405,4,"絆礼装","ピエドラ・デル・ソル"
406,4,"絆礼装","海への扉"
407,4,"絆礼装","天命の粘土板"
408,4,"絆礼装","クリューサーオール"
409,4,"絆礼装","ありえざる明日"
410,4,"絆礼装","原初の火"
411,4,"絆礼装","最果ての塔"
412,5,"","ファースト・サンライズ"
413,4,"","射初の一矢"
414,3,"","カッコーの巣の上で"
415,4,"","チアーズ・トゥ・2017"
416,4,"絆礼装","空の仏"
417,4,"絆礼装","幽谷の淵"
418,3,"","固有結界"
419,3,"","若返りの霊薬"
420,3,"","謎の仮面群"
421,5,"","キュート・オランジェット"
422,5,"","ショコラティエ"
423,4,"","チョコ・エンゼル"
424,4,"","ビター・ブラック"
425,3,"","ブレスフル・タイム"
426,3,"","勝者の余裕"
427,5,"","スイート・クリスタル"
428,5,"","フォンダン・オ・ショコラ"
429,4,"絆礼装","黒騎士くん"
430,4,"チョコレート","高級和菓子"
431,4,"チョコレート","特製お団子"
432,4,"チョコレート","君もドラゴンセット"
433,4,"チョコレート","ささやかな愉しみを、君と"
434,4,"チョコレート","バナナ（ハヌマーン贈呈）"
435,4,"チョコレート","いと気高き希望の花よ"
436,4,"チョコレート","お肌の味方"
437,4,"チョコレート","でんせつのオーブチョコ"
438,4,"チョコレート","カエサル式ケーナ"
439,4,"チョコレート","ジャンヌファンクラブセット"
440,4,"チョコレート","部屋はもう取ってあるんだが"
441,4,"チョコレート","シルバーボックス"
442,4,"チョコレート","ラピス・ラズリの腕飾り"
443,4,"チョコレート","こんぼう（バーベキュー味）"
444,4,"チョコレート","交流式ライトニングクッキー"
445,4,"チョコレート","カルナへの一矢"
446,4,"チョコレート","ブルースカイ・ヴァニラMt."
447,4,"チョコレート","ジュエルカット・スターズ"
448,4,"チョコレート","今から間に合う家事セット"
449,4,"チョコレート","～ベスト・オブ・トリスタン～"
450,4,"チョコレート","ありきたりチョコ（？）"
451,4,"チョコレート","お返しはキスで"
452,4,"チョコレート","名も知れぬ記念銀貨"
453,4,"チョコレート","アビシャグに捧ぐ愛"
454,4,"チョコレート","わくわくざぶーん優待チケット"
455,4,"チョコレート","シルバーバレット"
456,4,"チョコレート","究極の美味に至るまで"
457,4,"チョコレート","ひよこ豆のペーストと…"
458,4,"チョコレート","落陽のピアス"
459,4,"チョコレート","ワールドエンド・キャッスル"
460,4,"チョコレート","チョコレートドライバー"
461,4,"チョコレート","白い花"
462,4,"チョコレート","赤い花"
463,4,"チョコレート","DHA"
464,4,"チョコレート","鉄観音茶（？）"
465,4,"チョコレート","なんのへんてつもないちょこ"
466,4,"チョコレート","謝肉祭"
467,4,"チョコレート","ハートチョコ・ビタービタービター"
468,4,"チョコレート","たまごチョコ"
469,4,"チョコレート","ルーン石のチョコ"
470,4,"チョコレート","1999年の残滓"
471,4,"チョコレート","パックス・ロマーナ"
472,4,"チョコレート","トロイの木馬（手の平サイズ）"
473,4,"チョコレート","感謝の白薔薇"
474,4,"チョコレート","カカオの実"
475,4,"チョコレート","白紙の勧進帳（弁慶サイン付）"
476,4,"チョコレート","アイアン・マシュマロ"
477,4,"チョコレート","メイヴちゃん印のハニーチョコ"
478,4,"チョコレート","勇者の杯"
479,4,"チョコレート","スフィンクス・アウラード"
480,4,"チョコレート","自由なるカカワトル"
481,4,"チョコレート","ヒポグリフぬいぐるみ（1/1）"
482,4,"チョコレート","ラビット・キュート・チョコ"
483,4,"チョコレート","ライダーベルト・レプリカ"
484,4,"チョコレート","Sサンダークランチチョコスティック"
485,4,"チョコレート","読みかけのイーリアス"
486,4,"チョコレート","ベイヤードのたてがみ"
487,4,"チョコレート","秘密で秘蔵で秘宝アルバム"
488,4,"チョコレート","葉巻とワイン"
489,4,"チョコレート","蟠桃のコンポート"
490,4,"チョコレート","バステニャンX号"
491,4,"チョコレート","完璧なるチョッコラート"
492,4,"チョコレート","手作り愛情チョコ"
493,4,"チョコレート","フォウくんマペット"
494,4,"チョコレート","UFO"
495,4,"チョコレート","直流式グレイトフルクッキー"
496,4,"チョコレート","ママのとっておき"
497,4,"チョコレート","ナイルの恵み"
498,4,"チョコレート","モンブラン・オ・ショコラ"
499,4,"チョコレート","ユーフラテスの夕べ"
500,4,"チョコレート","じるクン人形"
501,4,"チョコレート","ちくたくくん"
502,4,"チョコレート","ドルイドの杖"
503,4,"チョコレート","いつか見た幻"
504,4,"チョコレート","すべての源は、数"
505,4,"チョコレート","ジェロニモ式モカシン"
506,4,"チョコレート","青い鳥のようなマウス"
507,4,"チョコレート","155番目のソネット"
508,4,"チョコレート","おもちゃのピアノ"
509,4,"チョコレート","ネクタール・ボンボン"
510,4,"チョコレート","アル・ブクール"
511,4,"チョコレート","紅白のチョコ"
512,4,"チョコレート","弾丸と銃"
513,4,"チョコレート","ビターテイスト・サマー"
514,4,"チョコレート","スーパーナイルフラワーズ"
515,4,"チョコレート","手作りライスボール"
516,4,"チョコレート","百個入りチョコ袋"
517,4,"チョコレート","銘菓風魔まんじゅう"
518,4,"チョコレート","ブラック・ブラック・キス"
519,4,"チョコレート","万能布ハッサン"
520,4,"チョコレート","サンソンの栄養チョコドリンク"
521,4,"チョコレート","ホワイト・デスマスク"
522,4,"チョコレート","名月"
523,4,"チョコレート","ゴールデン・ゴールド・セット"
524,4,"チョコレート","スケープゴート"
525,4,"チョコレート","救急キット"
526,4,"チョコレート","ミニクーちゃん"
527,4,"チョコレート","極上源氏柏餅"
528,4,"チョコレート","謎のホットココアX"
529,4,"チョコレート","猪のかぶりもの"
530,4,"チョコレート","何者かの宝剣"
531,4,"チョコレート","瑞典火竜炭火焼サーロイン"
532,4,"チョコレート","あまいもの"
533,4,"チョコレート","祝いの飾り"
534,4,"チョコレート","ピール・ガウガメラ"
535,4,"チョコレート","シー・ウァレス・ウァレオ"
536,4,"チョコレート","妻からの礼状"
537,4,"チョコレート","叛逆への第一歩"
538,4,"チョコレート","ラビリンスマップ"
539,4,"チョコレート","教会式手作りクッキー"
540,4,"チョコレート","聖女の安らぎ"
541,4,"チョコレート","淹れ立てのコーヒー"
542,4,"チョコレート","自爆大爆発チョコ"
543,4,"チョコレート","たまごチョコ（複数）"
544,4,"チョコレート","悪魔のバンダナ"
545,3,"","フリーランサー"
546,4,"絆礼装","小惑星の力学"
547,4,"絆礼装","干将・莫耶（拳銃）"
548,4,"絆礼装","彼方の荒野"
549,4,"絆礼装","百八魔星"
550,5,"","熱砂の語らい"
551,5,"","探偵ヱドモン～春先旅情編～"
552,5,"","アズ・ユー・ウィッシュ"
553,4,"","カフェ・キャメロット"
554,4,"","アウトレイジ"
555,4,"","オペレーション・フィオナ"
556,3,"","キャトルフィーユ"
557,3,"","ネヴァーランド"
558,3,"","ラ・シエスタ"
559,4,"絆礼装","ガーデン"
560,5,"","第六天魔王"
561,5,"","日輪の城"
562,5,"","壬生狼"
563,4,"","春風遊歩道"
564,3,"","社交界の華"
565,4,"","概念礼装EXPカード：ぐだぐだ明治維新"
566,3,"","概念礼装EXPカード：ぐだぐだウェルカム"
567,4,"絆礼装","誓いの羽織"
568,4,"絆礼装","小豆のお手玉"
569,5,"","我らが征くは星の大海"
570,5,"","いつかの夏"
571,4,"","月の海の生徒会"
572,4,"","始まりの予感"
573,3,"","ザ・ケージ"
574,4,"","概念礼装EXPカード：BBショット！"
575,4,"絆礼装","輝くばかりの"
576,4,"絆礼装","目を逸らさずに"
577,4,"絆礼装","路傍の夢"
578,4,"絆礼装","天魔の春修行"
579,4,"絆礼装","揺籃の夢"
580,3,"","瓦礫の聖堂"
581,3,"","まるごしシンジ君"
582,3,"","アトラス院"
583,4,"","Fate／Apocrypha"
584,4,"","FGO THE STAGE"
585,3,"","幻想種"
586,4,"絆礼装","シャフリヤール王の閨"
587,4,"絆礼装","洛陽の宮殿"
588,4,"絆礼装","戦神の軍帯"
589,4,"絆礼装","ニーニャ号"
590,5,"","カルデア・アニバーサリー"
591,4,"","アフタヌーン・パーティー"
592,3,"","スターライト・フェスト"
593,4,"","マンガで分かる！FGO"
594,4,"英霊正装","英霊正装：マシュ・キリエライト"
595,4,"英霊正装","英霊正装：アルトリア・ペンドラゴン"
596,4,"英霊正装","英霊正装：アルテラ"
597,4,"英霊正装","英霊正装：モードレッド"
598,4,"英霊正装","英霊正装：アーサー・ペンドラゴン"
599,4,"英霊正装","英霊正装：ネロ・クラウディウス"
600,4,"英霊正装","英霊正装：シュヴァリエ・デオン"
601,4,"英霊正装","英霊正装：ランスロット"
602,4,"英霊正装","英霊正装：カエサル"
603,4,"英霊正装","英霊正装：ベディヴィエール"
604,4,"英霊正装","英霊正装：アルジュナ"
605,4,"英霊正装","英霊正装：イシュタル"
606,4,"英霊正装","英霊正装：エミヤ"
607,4,"英霊正装","英霊正装：アタランテ"
608,4,"英霊正装","英霊正装：エウリュアレ"
609,4,"英霊正装","英霊正装：スカサハ"
610,4,"英霊正装","英霊正装：カルナ"
611,4,"英霊正装","英霊正装：アルトリア・ペンドラゴン"
612,4,"英霊正装","英霊正装：アルトリア・ペンドラゴン"
613,4,"英霊正装","英霊正装：ロムルス"
614,4,"英霊正装","英霊正装：メドゥーサ"
615,4,"英霊正装","英霊正装：ジャガーマン"
616,4,"英霊正装","英霊正装：女王メイヴ"
617,4,"英霊正装","英霊正装：ケツァル・コアトル"
618,4,"英霊正装","英霊正装：マリー・アントワネット"
619,4,"英霊正装","英霊正装：牛若丸"
620,4,"英霊正装","英霊正装：ブーディカ"
621,4,"英霊正装","英霊正装：エドワード・ティーチ"
622,4,"英霊正装","英霊正装：レオナルド・ダ・ヴィンチ"
623,4,"英霊正装","英霊正装：ニトクリス"
624,4,"英霊正装","英霊正装：ギルガメッシュ"
625,4,"英霊正装","英霊正装：クー・フーリン"
626,4,"英霊正装","英霊正装：メフィストフェレス"
627,4,"英霊正装","英霊正装：アマデウス"
628,4,"英霊正装","英霊正装：不夜城のアサシン"
629,4,"英霊正装","英霊正装：呪腕のハサン"
630,4,"英霊正装","英霊正装：ヴラド三世"
631,4,"英霊正装","英霊正装：坂田金時"
632,4,"英霊正装","英霊正装：ナイチンゲール"
633,4,"英霊正装","英霊正装：クー・フーリン"
634,4,"英霊正装","英霊正装：ヘラクレス"
635,4,"英霊正装","英霊正装：フランケンシュタイン"
636,4,"英霊正装","英霊正装：エルドラドのバーサーカー"
637,4,"英霊正装","英霊正装：清姫"
638,4,"英霊正装","英霊正装：アステリオス"
639,4,"英霊正装","英霊正装：ジャンヌ・ダルク"
640,4,"英霊正装","英霊正装：シャーロック・ホームズ"
641,4,"絆礼装","フロンティア"
642,4,"絆礼装","自慢の一挺"
643,5,"","サマー・リトル"
644,4,"","ホワイト・クルージング"
645,3,"","シュガー・バケーション"
646,5,"","シーサイド・ラグジュアリー"
647,4,"絆礼装","虹の海の黄金劇場"
648,4,"絆礼装","万能包帯"
649,4,"絆礼装","太陽からの賜り物"
650,4,"絆礼装","天下布武～2017summer.ver～"
651,4,"絆礼装","女神の優勝カップ"
652,5,"","真夏のひと時"
653,4,"","キング・ジョーカー・ジャック"
654,3,"","カルデア・ビーチバレー"
655,5,"","ダイブ・トゥ・ブルー"
656,4,"絆礼装","選定のモップ"
657,4,"絆礼装","ニャーフ！"
658,4,"絆礼装","京極"
659,4,"","プリズマ☆イリヤ 雪下の誓い"
660,5,"","バトル・オリンピア"
661,5,"","二神三脚"
662,5,"","チア・フォー・マスター"
663,4,"","フード・コロシアム"
664,3,"","マッスル・キャバリエ"
665,4,"","Replica; Agateram"
666,5,"","願いの先"
667,4,"","戦友"
668,3,"","夢の跡"
669,4,"絆礼装","豊穣たる牡牛"
670,4,"","英霊装束：メドゥーサ"
671,4,"","英霊装束：レオナルド・ダ・ヴィンチ"
672,4,"","英霊装束：ジャンヌ・ダルク"
673,4,"","英霊装束：ネロ・クラウディウス"
674,3,"","神造兵装"
675,4,"絆礼装","想い、三世にわたり"
676,4,"絆礼装","月輪九曜"
677,4,"絆礼装","十文字槍"
678,4,"絆礼装","二階笠"
679,4,"絆礼装","段蔵の牛"
680,5,"","トリック・オア・トリートメント"
681,4,"","ファントム・ナイト"
682,3,"","不思議の国から"
683,5,"","エアリアル・ドライブ"
684,4,"","黄金の翼"
685,3,"","ノスタルジック・フォーム"
686,4,"絆礼装","お姫様の折り紙"
687,4,"絆礼装","エレクトロジカ ダイアグラム"
688,4,"絆礼装","ガーディアン ジャイガンティック"
689,4,"","剣に祈りを命に願いを"
690,4,"","FGO VR マシュ・キリエライト"
691,3,"","魂喰い"
692,4,"絆礼装","鷹の魔女の宴"
693,4,"絆礼装","乾坤圏"
694,4,"絆礼装","ソロモン王への貢物"
695,4,"絆礼装","銀鍵のロザリオ"
696,5,"","スターリー・ナイツ"
697,4,"","パーティー・タイム"
698,3,"","スノー・パイレーツ"
699,5,"","メリー・シープ"
700,4,"絆礼装","冥界に花の咲く"
701,4,"絆礼装","夜空を駆ける虹"
702,4,"","MOONLIGHT／LOSTROOM"
703,4,"","氷室の天地 ～7人の最強偉人篇～"
704,5,"","ニュー・ビギニング"
705,4,"","アヴァロン・セレブレイト"
706,3,"","幸せとは温い子犬"
707,4,"","いろはにほへと"
708,4,"","概念礼装EXPカード：宇宙犬"
709,4,"絆礼装","富士越龍図"
710,4,"","コミカライズプロジェクト"
711,5,"","鬼に衣"
712,4,"","Fate／EXTRA"
713,5,"","ファラオ・チョコラトル"
714,4,"","はじめてのバレンタイン"
715,3,"","ウィッチズ・キッチン"
716,5,"","スイート・デイズ"
717,4,"絆礼装","不明の杯"
718,4,"チョコレート","邪悪教典"
719,4,"チョコレート","セーブ・ワイヤー"
720,4,"チョコレート","疾駆する"
721,4,"チョコレート","隕鉄扇"
722,4,"チョコレート","マカロニグラタン"
723,4,"チョコレート","副長謹製の散薬"
724,4,"チョコレート","日輪しるこ"
725,4,"チョコレート","甘い物語"
726,4,"チョコレート","高貴なる壺チョコ"
727,4,"チョコレート","トゲの生えたチョコ塊"
728,4,"チョコレート","スタンディング・ボイルドエッグ"
729,4,"チョコレート","メルティ・ハート"
730,4,"チョコレート","殺生院特上おはぎ"
731,4,"チョコレート","Ｐプリン・ア・ラ・モード"
732,4,"チョコレート","スイートデビルスロット"
733,4,"チョコレート","プレミアム・スナック"
734,4,"チョコレート","緋色の研究"
735,4,"チョコレート","大好きなパンケーキ"
736,4,"チョコレート","美しすぎる皇帝チョコ"
737,4,"チョコレート","イシュタル凱旋門おこし"
738,4,"チョコレート","英霊スティックチョコ"
739,4,"チョコレート","スチームエレクトリカルチョコ"
740,4,"チョコレート","チョコミントクールバレット"
741,4,"チョコレート","バーニング是非もないチョコ"
742,4,"チョコレート","極上生チョコタルト"
743,4,"チョコレート","チョコレート"
744,4,"チョコレート","精進料理"
745,4,"チョコレート","銘菓風魔まんじゅう・改"
746,4,"チョコレート","洋風ぜんざい"
747,4,"チョコレート","甘栗子ちよこれいと"
748,4,"チョコレート","古楓橋"
749,4,"チョコレート","ナンディーチョコ（1/1スケール）"
750,4,"チョコレート","ありきたりで悪い？"
751,4,"チョコレート","レシーバー"
752,4,"チョコレート","シートベルト"
753,4,"チョコレート","チョコの鍵"
754,4,"チョコレート","ピンク・ピグレット"
755,4,"チョコレート","節制と嘘とビタースイート"
756,4,"チョコレート","蓮花愛すは何人ぞ"
757,4,"チョコレート","聖夜のホワイトケーキ"
758,4,"チョコレート","冥界のスイートホーム"
759,4,"チョコレート","ちよこちよこ蛸かいな"
760,4,"チョコレート","裏切りのチョコレートたち"
761,4,"チョコレート","ストレンジャー・アマンド"
762,4,"絆礼装","なつのあめ"
763,4,"","冬のファラオ大感謝祭"
764,5,"","スター・オブ・キャメロット"
765,5,"","探偵ヱドモン～異邦潜入編～"
766,4,"","ガトー・オ・ショコラ"
767,4,"","黄金と太陽の勝負師"
768,4,"","カルデア特捜班"
769,3,"","ウェルカム・ダイナー"
770,3,"","マスケティアーズ"
771,3,"","雨上がりの君"
772,4,"","春遠からじ"
773,5,"","陽だまりの中で"
774,4,"","最後の語り部"
775,3,"","叡智の光"
776,4,"","異端のヤガ"
777,1,"","闘争"
778,1,"","連鎖"
779,1,"","断絶"
780,1,"","覚醒"
781,1,"","飢餓"
782,2,"","慈愛"
783,2,"","繁栄"
784,2,"","欺瞞"
785,2,"","同調"
786,2,"","暗澹"
787,4,"絆礼装","ＯＴＭＡ"
788,4,"絆礼装","カリュドーンの毛皮"
789,4,"絆礼装","ある真理と死"
790,4,"絆礼装","燎原の刃"
791,4,"絆礼装","イヴァン雷帝の書庫"
792,5,"","彼方への巡礼"
793,4,"","刹那のまほろば"
794,3,"","出発進行！"
795,5,"","城塞の午後"
796,5,"","トゥリファスにて"
797,4,"","概念礼装EXPカード：フランの花"
798,4,"絆礼装","世界を内包せしもの"
799,4,"絆礼装","教えること、学ぶこと"
800,4,"絆礼装","名前のない死"
801,4,"","ベーカー街からの脱出"
802,4,"","Fate／EXTELLA LINK"
803,5,"","帝都聖杯戦争"
804,4,"","坂本探偵事務所"
805,3,"","牙研ぐ暗剣"
806,5,"","白い服の水兵さん"
807,4,"","概念礼装EXPカード：ぐだぐだまじんさん"
808,3,"","概念礼装EXPカード：ぐだぐだ土佐同盟"
809,4,"絆礼装","無穹の果て"
810,4,"絆礼装","あの日の空"
811,4,"絆礼装","とある山での出来事"
812,4,"絆礼装","伝説と事実"
813,5,"","アトラスの嬰児"
814,4,"","スイーパー"
815,3,"","桜の特製弁当"
816,4,"","花園の少女"
817,4,"絆礼装","真・氷の叡智"
818,4,"絆礼装","神鉄の盾"
819,4,"英霊旅装","英霊旅装：アーチャー・インフェルノ"
820,4,"英霊旅装","英霊旅装：アステリオス"
821,4,"英霊旅装","英霊旅装：アタランテ"
822,4,"英霊旅装","英霊旅装：アビゲイル"
823,4,"英霊旅装","英霊旅装：アマデウス"
824,4,"英霊旅装","英霊旅装：アルジュナ"
825,4,"英霊旅装","英霊旅装：アルテラ"
826,4,"英霊旅装","英霊旅装：アルトリア・ペンドラゴン"
827,4,"英霊旅装","英霊旅装：アルトリア・ペンドラゴン"
828,4,"英霊旅装","英霊旅装：アントニオ・サリエリ"
829,4,"英霊旅装","英霊旅装：エレシュキガル"
830,4,"英霊旅装","英霊旅装：オケアノスのキャスター"
831,4,"英霊旅装","英霊旅装：刑部姫"
832,4,"英霊旅装","英霊旅装：カーミラ"
833,4,"英霊旅装","英霊旅装：葛飾北斎"
834,4,"英霊旅装","英霊旅装：カルナ"
835,4,"英霊旅装","英霊旅装：清姫"
836,4,"英霊旅装","英霊旅装：玄奘三蔵"
837,4,"英霊旅装","英霊旅装：佐々木小次郎"
838,4,"英霊旅装","英霊旅装：サンソン"
839,4,"英霊旅装","英霊旅装：ホームズ"
840,4,"英霊旅装","英霊旅装：新宿のアサシン"
841,4,"英霊旅装","英霊旅装：宮本武蔵"
842,4,"英霊旅装","英霊旅装：スカサハ"
843,4,"英霊旅装","英霊旅装：鈴鹿御前"
844,4,"英霊旅装","英霊旅装：ダビデ"
845,4,"英霊旅装","英霊旅装：玉藻の前"
846,4,"英霊旅装","英霊旅装：ナイチンゲール"
847,4,"英霊旅装","英霊旅装：謎のヒロインＸ〔オルタ〕"
848,4,"英霊旅装","英霊旅装：哪吒"
849,4,"英霊旅装","英霊旅装：ネロ・クラウディウス"
850,4,"英霊旅装","英霊旅装：ブリュンヒルデ"
851,4,"英霊旅装","英霊旅装：ポール・バニヤン"
852,4,"英霊旅装","英霊旅装：マーリン"
853,4,"英霊旅装","英霊旅装：マシュ・キリエライト"
854,4,"英霊旅装","英霊旅装：マルタ"
855,4,"英霊旅装","英霊旅装：源頼光"
856,4,"英霊旅装","英霊旅装：柳生但馬守宗矩"
857,4,"英霊旅装","英霊旅装：レオナルド・ダ・ヴィンチ"
858,5,"","愛と希望の物語"
859,4,"","グレイテスト・ジャーニー"
860,3,"","TEAM Phoenix"
861,5,"","風雅たれ"
862,4,"絆礼装","神々の遺した愛"
863,4,"","Fate／Grand Order Arcade"
864,4,"","Singularity F"
865,5,"","エメラルド・フロート"
866,5,"","ヒーロー・オン・ザ・ビーチ"
867,4,"","疾風怒濤"
868,4,"","サンセット・ジャム"
869,3,"","オールナイト・フィーバー"
870,3,"","ライティング・ハイ"
871,5,"","ペインティング・サマー"
872,5,"","レディ・フォクシー"
873,5,"","ウォーター・シャイン"
874,4,"","演劇的魔人のメランコリー"
875,4,"","Little little bullet"
876,4,"","ウチの円卓"
877,4,"","カレー×ライス"
878,4,"","ビルドアッパーマルタ"
879,4,"","ジャイアントバベッジ"
880,4,"","ままのみみ"
881,4,"","ボクたちは召喚ができない！"
882,4,"","拉麺好き好きアナスタシアさん"
883,4,"","悪役令嬢は悪女をぶち抜きたい！"
884,4,"","詠天流受法用心集"
885,4,"","クロスビッキの魔法姫と怪物"
886,4,"絆礼装","シー・エンジェル"
887,4,"絆礼装","大江山大花火"
888,4,"絆礼装","天狗なりきりセット"
889,4,"絆礼装","積み重ねた時間の結晶"
890,4,"絆礼装","深淵のラストリゾート"
891,4,"絆礼装","一夏のアルバム"
892,4,"絆礼装","地球の思い出"
893,4,"","Fate／Grand Order Memories I"
894,4,"絆礼装","波濤と細波"
895,4,"","相打つ宿命"
896,5,"","Gilgamesh in NY"
897,4,"","摩天楼に輝く"
898,3,"","ショウ・タイム"
899,5,"","リターン・マッチ"
900,5,"","C・K・T"
901,4,"","概念礼装EXPカード：ドルセント・ショップ"
902,5,"","Welcome to ONILAND!!"
903,4,"","ただ紅く"
904,3,"","足柄ブラザーズ"
905,5,"","スリー・アングラー"
906,5,"","ロイヤル・アイシング"
907,5,"","氷結闘熊"
908,4,"絆礼装","忘れえぬもの"
909,4,"絆礼装","護法の末路"
910,5,"","カルデア・ティータイム"
911,4,"","竜と竜の剣士"
912,5,"","火炎伯爵"
913,4,"","彼方の先には"
914,3,"","深窓の麗人"
915,4,"","不死鳥は大地に"
916,4,"絆礼装","会稽零式設計図"
917,4,"絆礼装","我が毒杯、我が仮面"
918,4,"絆礼装","トネリコの木"
919,4,"絆礼装","阿房宮模型"
920,4,"絆礼装","読みかけの本"
921,4,"絆礼装","素晴らしき飼葉桶"
922,4,"","トラベリング大サーカス！"
923,5,"","シュヴィブジック・スノー"
924,4,"","リング・ザ・ベル"
925,3,"","バーニング・ライヴシート"
926,5,"","聖女の教示"
927,4,"絆礼装","麗しきは美姫の指輪"
928,4,"絆礼装","聖夜の翼ある蛇"
929,4,"","ニューイヤー・グリーティング"
930,4,"","概念礼装EXPカード：猪王"
931,5,"","笑顔のしるし"
932,4,"","正月の神秘"
933,3,"","慎ましき豚"
934,5,"","銀雪の女神たち"
935,4,"絆礼装","面影は春の如く"
936,4,"絆礼装","老いてなお"
937,4,"","Enuma Dingir"
938,4,"","高潔なる矛と盾"
939,4,"","闇夜の邂逅"
940,4,"","純全たる破壊"
941,4,"","最速の証明"
942,4,"","パラドクス・エースキラー"
943,4,"絆礼装","母の思い出"
944,5,"","ビター・スイート"
945,4,"","ワルキューレ・スタイル"
946,3,"","メモリー・オブ・クオリア"
947,5,"","ビューティフル・ドリーマー"
948,4,"絆礼装","新・源氏物語絵巻"
949,4,"チョコレート","レイニー・ブリッジ"
950,4,"チョコレート","ヴィイ（自立型）"
951,4,"チョコレート","猪突猛進チョコ"
952,4,"チョコレート","チョコ式ミニゴーレム"
953,4,"チョコレート","愛すべき子の下で、書を読む"
954,4,"チョコレート","漆黒の指揮棒"
955,4,"チョコレート","クサントス"
956,4,"チョコレート","初段授与"
957,4,"チョコレート","枕元の邪竜"
958,4,"チョコレート","おでんチョコ"
959,4,"チョコレート","木綿の首巻き"
960,4,"チョコレート","懐中時計＆カエルチョコ"
961,4,"チョコレート","軍用糧食（缶詰）"
962,4,"チョコレート","眼鏡"
963,4,"チョコレート","紫水晶の砂糖菓子"
964,4,"チョコレート","アイスキャンディ"
965,4,"チョコレート","ホワイトドルフィン・ドリーム"
966,4,"チョコレート","綿飴"
967,4,"チョコレート","鞍馬山名産・やつでまんじゅう"
968,4,"チョコレート","ノットハート・チョコレート"
969,4,"チョコレート","マスター・イン・ザ・チョコレート"
970,4,"チョコレート","メイヴちゃん印の濃厚カカオチョコ"
971,4,"チョコレート","ネビュラスイート"
972,4,"チョコレート","異界の果実"
973,4,"チョコレート","雪見ホワイトチョコ"
974,4,"チョコレート","護法少女チョコ"
975,4,"チョコレート","項羽の剣"
976,4,"チョコレート","美貌を隠す仮面"
977,4,"チョコレート","パンダ"
978,4,"チョコレート","不老不死の仙丹"
979,4,"チョコレート","玉髄チョコ"
980,4,"チョコレート","当世風贈答菓子"
981,4,"チョコレート","最高のニンジン"
982,4,"チョコレート","ヒポちゃん"
983,4,"チョコレート","闘争の始まりと終わりを告げるチョコラーテ"
984,4,"チョコレート","舌甘雀の和三盆"
985,4,"チョコレート","木剣"
986,4,"チョコレート","少女のカカオ三点盛り"
987,4,"チョコレート","絵巻チョコレート"
988,5,"","ベラ・リザ"
989,4,"絆礼装","それは、両手いっぱいの"
990,5,"","探偵ヱドモン～真の黒幕編～"
991,5,"","ダンス・ウィズ・ラウンズ"
992,4,"","深謀遠慮"
993,4,"","桜花爛漫"
994,4,"","センセとオレ"
995,3,"","ＢＡＲトロイア"
996,3,"","アンダー・ザ・ナイフ"
997,3,"","エンジェル・ブレス"
998,3,"","マスカレイド・オブ・ザ・ヴァンパイア"
999,5,"","姫様行脚"
1000,4,"","春うらら"
1001,3,"","火消魂"
1002,5,"","錦上添花"
1003,4,"絆礼装","花の矢"
1004,4,"","ピラミッドからの脱出"
1005,5,"","ホワイダニット"
1006,4,"","冬の祈り"
1007,3,"","エルメロイ教室"
1008,5,"","次期当主会議"
1009,4,"絆礼装","エルメロイ・ティータイム"
1010,4,"絆礼装","星の天秤"
1011,4,"絆礼装","墓守の宝"
1012,5,"","パーソナル・コーチング"
1013,4,"","歌う槍、叫ぶ槍"
1014,4,"","セクシーピンナップ"
1015,5,"","黄昏の王聖"
1016,4,"","ラ・フォリア"
1017,3,"","デイ・アフター"
1018,4,"","家族の肖像"
1019,4,"絆礼装","美食の門には"
1020,4,"絆礼装","終焉、されど想いは続く"
1021,4,"絆礼装","語られる一矢"
1022,4,"絆礼装","刻まれていたもの"
1023,4,"絆礼装","手に入れること能わず"
1024,4,"絆礼装","蛇の杖"
1025,4,"","Grace note"
1026,5,"","群雄割拠"
1027,4,"","軍神"
1028,3,"","鬼の茶会"
1029,5,"","腹が減っては戦ができぬ"
1030,4,"","概念礼装EXPカード：ぐだぐだ天魔王×３"
1031,3,"","概念礼装EXPカード：毘沙門天ぞ是にあり！"
1032,4,"絆礼装","無劫の彼方"
1033,4,"絆礼装","遺言状"
1034,4,"絆礼装","刀八毘沙門天"
1035,4,"","アガルタの女"
1036,4,"","英霊剣豪七番勝負"
1037,4,"","深海電脳楽土 SE.RA.PH"
1038,4,"英霊祭装","英霊祭装：アキレウス"
1039,4,"英霊祭装","英霊祭装：アストライア"
1040,4,"英霊祭装","英霊祭装：アナスタシア"
1041,4,"英霊祭装","英霊祭装：アビゲイル・ウィリアムス"
1042,4,"英霊祭装","英霊祭装：アマデウス"
1043,4,"英霊祭装","英霊祭装：アルジュナ"
1044,4,"英霊祭装","英霊祭装：アルトリア・ペンドラゴン"
1045,4,"英霊祭装","英霊祭装：アンデルセン"
1046,4,"英霊祭装","英霊祭装：アントニオ・サリエリ"
1047,4,"英霊祭装","英霊祭装：茨木童子"
1048,4,"英霊祭装","英霊祭装：エレシュキガル"
1049,4,"英霊祭装","英霊祭装：エレナ・ブラヴァツキー"
1050,4,"英霊祭装","英霊祭装：燕青"
1051,4,"英霊祭装","英霊祭装：岡田以蔵"
1052,4,"英霊祭装","英霊祭装：刑部姫"
1053,4,"英霊祭装","英霊祭装：葛飾北斎"
1054,4,"英霊祭装","英霊祭装：虞美人"
1055,4,"英霊祭装","英霊祭装：ケツァル・コアトル"
1056,4,"英霊祭装","英霊祭装：坂本龍馬"
1057,4,"英霊祭装","英霊祭装：サンソン"
1058,4,"英霊祭装","英霊祭装：始皇帝"
1059,4,"英霊祭装","英霊祭装：シトナイ"
1060,4,"英霊祭装","英霊祭装：ジャンヌ・ダルク"
1061,4,"英霊祭装","英霊祭装：酒呑童子"
1062,4,"英霊祭装","英霊祭装：スカサハ=スカディ"
1063,4,"英霊祭装","英霊祭装：殺生院キアラ"
1064,4,"英霊祭装","英霊祭装：ディルムッド・オディナ"
1065,4,"英霊祭装","英霊祭装：巴御前"
1066,4,"英霊祭装","英霊祭装：謎のヒロインXX"
1067,4,"英霊祭装","英霊祭装：パールヴァティー"
1068,4,"英霊祭装","英霊祭装：ブラダマンテ"
1069,4,"英霊祭装","英霊祭装：ベディヴィエール"
1070,4,"英霊祭装","英霊祭装：ポール・バニヤン"
1071,4,"英霊祭装","英霊祭装：マリー・アントワネット"
1072,4,"英霊祭装","英霊祭装：マルタ"
1073,4,"英霊祭装","英霊祭装：モードレッド"
1074,4,"英霊祭装","英霊祭装：蘭陵王"
1075,4,"英霊祭装","英霊祭装：レオナルド・ダ・ヴィンチ"
1076,4,"英霊祭装","英霊祭装：ロビンフッド"
1077,5,"","ウォーク・イン・ザ・パーク"
1078,4,"","モーニング・グローリー"
1079,3,"","サンデー・ディナー"
1080,5,"","名探偵フォウムズ"
1081,4,"絆礼装","ビューティフル・ジャーニー"
1082,4,"絆礼装","夢の終わりに"
1083,4,"絆礼装","熟慮すべし"
1084,4,"絆礼装","変身の指輪"
1085,4,"絆礼装","パイレーツ・ルール"
1086,4,"絆礼装","春を見る"
1087,4,"絆礼装","天使の暗殺"
1088,4,"絆礼装","ヨカナーンの首"
1089,5,"","ウェルカム・バニー"
1090,4,"","パープル・アイ"
1091,3,"","夏の閻魔亭"
1092,5,"","プールサイド・バー"
1093,4,"","レディース＆ジェントルメン"
1094,3,"","羊の数え歌"
1095,5,"","天鬼姫"
1096,5,"","盛夏の思い出"
1097,4,"絆礼装","忘れじの夏、二天の懐"
1098,4,"絆礼装","戦い終わって日が暮れて"
1099,4,"絆礼装","アイアン・メイデン（夏）"
1100,4,"絆礼装","椿説弓張月"
1101,4,"絆礼装","黄金円卓回転盤"
1102,4,"絆礼装","ソロ・ステージ"
1103,4,"絆礼装","蒼穹を超えて"
1104,4,"","Fate／Grand Order Memories Ⅱ"
1105,4,"","異端なるセイレム"
1106,5,"","ラウンド・アンド・ラウンド"
1107,4,"","フライ・オフ"
1108,3,"","フロム・ウルク"
1109,5,"","ジュエル・ブライド"
1110,5,"","シーニック・ビューティー"
1111,4,"","絶対魔獣戦線バビロニア"
1112,5,"","プリンセス・オブ・アンコ"
1113,4,"","プラネット・ロック"
1114,3,"","文武一道"
1115,5,"","双つ星の歌姫"
1116,5,"","ベスティア・デル・ソル"
1117,4,"","概念礼装EXPカード：はじめてのカレー"
1118,3,"","概念礼装EXPカード：謎の物質γ"
1119,4,"絆礼装","再会の宇宙へ"
1120,4,"絆礼装","流れ星のチアガール"
1121,5,"","カルデア・ディナータイム"
1122,4,"","そして聖剣は輝く"
1123,5,"","乙女たちの午餐会"
1124,4,"","想いの配達人"
1125,3,"","ウィズ・マイ・ファミリー"
1126,5,"","クリスマスの軌跡"
1127,4,"絆礼装","剣は少しだけ置き去りにして"
1128,4,"絆礼装","メリー・クリスマス"
1129,5,"","救済を願いし者"
1130,4,"","野望の嚆矢"
1131,3,"","ノーブル・ピース"
1132,4,"","アルゴノーツ"
1133,4,"絆礼装","星の狩人"
1134,4,"絆礼装","戦い終わって、剣は折れて"
1135,4,"絆礼装","白き牡牛"
1136,4,"","カプセルさーばんと"
1137,4,"","Fate／stay night ［Réalta Nua］"
1138,4,"","Fate／stay night -15年の軌跡-"
1139,4,"","カルデアパークキャラバン"
1140,5,"","空を道とし"
1141,4,"","晴れの曙"
1142,3,"","ぼくらはともだち"
1143,4,"","独楽の舞い踊り"
1144,4,"","概念礼装EXPカード：窮鼠"
1145,4,"絆礼装","紫玉の笛"
1146,4,"","星を視る者"
1147,5,"","セラピューティック・スパ"
1148,4,"","新宿幻霊事件"
1149,5,"","グラン・カヴァッロ"
1150,5,"","チョコレート・ヘヴン"
1151,4,"","クイーンズ・ドリーム"
1152,3,"","ミッドナイト・テンション"
1153,5,"","ニット・ザ・ラブ"
1154,4,"絆礼装","かるであ草子"
1155,4,"チョコレート","グランド・チョコレート"
1156,4,"チョコレート","愛のある（笑）チョコ"
1157,4,"チョコレート","水銀チョコ"
1158,4,"チョコレート","ワインと星のチョコレート"
1159,4,"チョコレート","ファッジ"
1160,4,"チョコレート","プレミアチョコケーキ"
1161,4,"チョコレート","幸運の塊"
1162,4,"チョコレート","初心者用狩りセット"
1163,4,"チョコレート","ありきたりの奇跡的な石"
1164,4,"チョコレート","夜更かしの語らい"
1165,4,"チョコレート","医療用チョコ"
1166,4,"チョコレート","干し柿"
1167,4,"チョコレート","うつけ瓢箪"
1168,4,"チョコレート","一服の茶"
1169,4,"チョコレート","びしゃもんてんチョコ"
1170,4,"チョコレート","カルデア・ニューオーダー"
1171,4,"チョコレート","ミニチュア・アルゴー"
1172,4,"チョコレート","アポロン人形"
1173,4,"チョコレート","チョコカップケーキ"
1174,4,"チョコレート","カタメカクレウィッグ"
1175,4,"チョコレート","夏王朝万能万年筆と木簡"
1176,4,"チョコレート","恋するあなたへの贈り物"
1177,4,"チョコレート","サロメからあなたへ"
1178,4,"チョコレート","パフェ・魔剣破り"
1179,4,"チョコレート","和菓子風チョコ＋手紙"
1180,4,"チョコレート","とんでもないものを盗んでいくためのチョコ"
1181,4,"チョコレート","ちよこちよこ蛸ねつけ"
1182,4,"チョコレート","チョコレートケーキ・バニーホワイト"
1183,4,"チョコレート","ブルーバード・ゼリーアイス"
1184,4,"チョコレート","ジェットチョコ羊羹"
1185,4,"チョコレート","スペースジオラマチョコ"
1186,4,"チョコレート","ＳＣＢ（スペース・チョコレート・バー）"
1187,4,"チョコレート","うーさーみーみー"
1188,4,"チョコレート","鏡餅もっちりチョコ"
1189,4,"チョコレート","チョコレート風味アンプル"
1190,4,"チョコレート","トライスター・ベルト（手製）"
1191,4,"チョコレート","デュランダル・レプリカ"
1192,4,"チョコレート","手作りブラウニーとホットミルク"
1193,4,"チョコレート","華清宮銘菓 温泉饅頭"
1194,4,"チョコレート","いとお菓子"
1195,4,"チョコレート","トロピカル・メモリア"
1196,5,"","王権微行"
1197,5,"","ブルー・イリュージョン"
1198,4,"","エクスクルーシブ・テイラー"
1199,4,"","探偵ヱドモン～新章突入編～"
1200,4,"","俺様生徒会"
1201,3,"","乱世上々"
1202,3,"","ゴッズ・ディール"
1203,3,"","ダディ・レターライブ"
1204,3,"","ブザー・ビーター"
1205,4,"絆礼装","冒険の象徴"
1206,4,"","優雅なる天、寛大なる地"
1207,5,"","ウィッチクラフト"
1208,4,"","リズムド・バース"
1209,3,"","黄金樹の系譜"
1210,4,"","共に明日を"
1211,4,"絆礼装","星の光剣、星の光盤"
1212,4,"絆礼装","海神の三叉矛"
1213,4,"絆礼装","ソラへ"
1214,5,"","フリー・シーティング"
1215,5,"","ミッション・スタート"
1216,4,"","トーナメント・スター"
1217,3,"","ミックス・ジュース"
1218,5,"","見上げた空の星に"
1219,4,"絆礼装","タイタンⅢEロケット"
1220,4,"絆礼装","宮廷の琴の音"
1221,4,"絆礼装","コードロン・シムーン"
1222,4,"英霊紀行","英霊紀行：アタランテ"
1223,4,"英霊紀行","英霊紀行：アナスタシア"
1224,4,"英霊紀行","英霊紀行：アビゲイル・ウィリアムズ"
1225,4,"英霊紀行","英霊紀行：天草四郎"
1226,4,"英霊紀行","英霊紀行：アルトリア・ペンドラゴン"
1227,4,"英霊紀行","英霊紀行：イシュタル"
1228,4,"英霊紀行","英霊紀行：牛若丸＆武蔵坊弁慶"
1229,4,"英霊紀行","英霊紀行：エレシュキガル"
1230,4,"英霊紀行","英霊紀行：燕青"
1231,4,"英霊紀行","英霊紀行：岡田以蔵"
1232,4,"英霊紀行","英霊紀行：刑部姫"
1233,4,"英霊紀行","英霊紀行：葛飾北斎"
1234,4,"英霊紀行","英霊紀行：加藤段蔵"
1235,4,"英霊紀行","英霊紀行：カルナ＆アルジュナ"
1236,4,"英霊紀行","英霊紀行：清姫"
1237,4,"英霊紀行","英霊紀行：キングプロテア"
1238,4,"英霊紀行","英霊紀行：クー・フーリン"
1239,4,"英霊紀行","英霊紀行：虞美人"
1240,4,"英霊紀行","英霊紀行：ゲオルギウス"
1241,4,"英霊紀行","英霊紀行：玄奘三蔵"
1242,4,"英霊紀行","英霊紀行：佐々木小次郎"
1243,4,"英霊紀行","英霊紀行：シグルド＆ブリュンヒルデ"
1244,4,"英霊紀行","英霊紀行：シャーロック・ホームズ"
1245,4,"英霊紀行","英霊紀行：ジャガーマン"
1246,4,"英霊紀行","英霊紀行：ジャック・ザ・リッパー"
1247,4,"英霊紀行","英霊紀行：酒呑童子"
1248,4,"英霊紀行","英霊紀行：スカサハ＝スカディ"
1249,4,"英霊紀行","英霊紀行：鈴鹿御前"
1250,4,"英霊紀行","英霊紀行：清少納言"
1251,4,"英霊紀行","英霊紀行：謎のヒロインX"
1252,4,"英霊紀行","英霊紀行：ニトクリス"
1253,4,"英霊紀行","英霊紀行：風魔小太郎"
1254,4,"英霊紀行","英霊紀行：フランケンシュタイン"
1255,4,"英霊紀行","英霊紀行：ベディヴィエール"
1256,4,"英霊紀行","英霊紀行：紅閻魔"
1257,4,"英霊紀行","英霊紀行：ヘラクレス"
1258,4,"英霊紀行","英霊紀行：ポール・バニヤン"
1259,4,"英霊紀行","英霊紀行：マーリン"
1260,4,"英霊紀行","英霊紀行：マシュ・キリエライト"
1261,4,"英霊紀行","英霊紀行：マリー・アントワネット"
1262,4,"英霊紀行","英霊紀行：マルタ"
1263,4,"英霊紀行","英霊紀行：宮本武蔵"
1264,4,"英霊紀行","英霊紀行：紫式部"
1265,4,"英霊紀行","英霊紀行：メドゥーサ"
1266,4,"英霊紀行","英霊紀行：森長可"
1267,4,"英霊紀行","英霊紀行：柳生但馬守宗矩"
1268,4,"英霊紀行","英霊紀行：蘭陵王"
1269,4,"英霊紀行","英霊紀行：レオナルド・ダ・ヴィンチ"
1270,5,"","セレブレイト・メモリーズ"
1271,4,"","ブレイン・ストーミング"
1272,3,"","フィラー・フラワー"
1273,5,"","アイドル・メイカー"
1274,4,"絆礼装","約束の刻"
1275,4,"","Waltz in the MOONLIGHT"
1276,4,"","徒なる影"
1277,4,"","夢に見し路"
1278,4,"","茨の種"
1279,4,"","天に挿頭す"
1280,5,"","ハニー・レイク"
1281,4,"","ハッピー☆ドライブ"
1282,3,"","ホラー・コンシェルジュ"
1283,5,"","ハイド・ハンター"
1284,5,"","チェーンソー・オブ・ザ・デッド"
1285,5,"","イノセント・ブルー"
1286,4,"","クライミング・バトル"
1287,3,"","マブダチ・バーベキュー"
1288,4,"絆礼装","掌上の楼閣"
1289,4,"絆礼装","スプラッタ☆レインボー！"
1290,4,"絆礼装","御中元"
1291,4,"絆礼装","夏の寄り添い"
1292,4,"絆礼装","バルーンの偃月刀"
1293,4,"絆礼装","カルデアＶＲ（コントローラー付属）"
1294,4,"絆礼装","カルデア夏の推薦図書"
1295,5,"","真紅の教槍"
1296,4,"","ヘルズキッチン"
1297,3,"","青き空の学び舎"
1298,5,"","掲げるは我が心"
1299,5,"","誠の蛍火"
1300,4,"","晴れの日"
1301,3,"","金色ノ原"
1302,5,"","姫巫女の寸暇"
1303,4,"絆礼装","お気に入りの一枚"
1304,4,"絆礼装","夢録"
1305,4,"絆礼装","魔王の手向け"
1306,4,"","概念礼装EXPカード：ようこそ邪馬台国！"
1307,3,"","概念礼装EXPカード：猛者と無敵"
1308,5,"","ミステリー・トレジャー"
1309,4,"","グレイテスト・オーシャン"
1310,3,"","カラー・ミー・トゥルー"
1311,5,"","ライク・ア・バード"
1312,4,"絆礼装","彷徨える神秘の島にて"
1313,4,"絆礼装","自画像、カルデアにて"
1314,5,"","テイク・ロマンス"
1315,5,"","恋のお呪い"
1316,4,"","王者の気質"
1317,3,"","神の舌"
1318,4,"","そして、大江山にて"
1319,4,"絆礼装","証"
1320,4,"絆礼装","終わりと始まりのものがたり"
1321,4,"","穏やかな歩み"
1322,4,"","夜空に祈りを"
1323,4,"","偶の一興"
1324,4,"","ランチは軽快に"
1325,4,"","月光の舞踏会"
1326,4,"絆礼装","神剣"
1327,5,"","トゥインクル・スター"
1328,4,"","レッド・ボックス"
1329,3,"","フリーズ・フレーム"
1330,5,"","チェリー・アイシクル"
1331,4,"絆礼装","堰界の理"
1332,4,"絆礼装","クリスマスベルト"
1333,5,"","春の琴線"
1334,4,"","笑うコタツに福来る"
1335,3,"","勇敢なるもの"
1336,4,"","鞠もをかし"
1337,4,"","概念礼装EXPカード：ロデオ"
1338,4,"絆礼装","その後に続くもの"
1339,4,"","完璧なお正月"
1340,4,"","ウィンターキャラバンオンライン"
1341,5,"","一寸姫"
1342,4,"","禅の箱庭"
1343,3,"","腰を掛け"
1344,5,"","愛し子を縫う"
1345,4,"絆礼装","痣丸"
1346,4,"絆礼装","鬼一の高下駄"
1347,4,"","Fate／Grand Order Memories Ⅲ"
1348,5,"","クック・ハート"
1349,4,"","ビター・ジュエル"
1350,3,"","ディア・フレンド"
1351,5,"","ホワイト・ガーデン"
1352,4,"絆礼装","春に歌えば"
1353,4,"チョコレート","冒険を知る者だけの眺め"
1354,4,"チョコレート","ジェミニ・スイート"
1355,4,"チョコレート","聖エルモの火"
1356,4,"チョコレート","ちょっと焦げたクロワッサン"
1357,4,"チョコレート","マグヌス・ルプス"
1358,4,"チョコレート","カルデア・ポートレイト"
1359,4,"チョコレート","じゅらしっくちょこじゃ"
1360,4,"チョコレート","ふつうの友チョコ"
1361,4,"チョコレート","ファースト・バレンタイン"
1362,4,"チョコレート","一夏の蜃気楼セット"
1363,4,"チョコレート","スプレッド☆レインボー！"
1364,4,"チョコレート","ヴァルキリー・ウェディング"
1365,4,"チョコレート","幸せを報告する義理チョコ"
1366,4,"チョコレート","スターリィ・ナイト"
1367,4,"チョコレート","滋養印ゼリー"
1368,4,"チョコレート","ライブラリ・アイスクリーム"
1369,4,"チョコレート","光のヒミチョコ"
1370,4,"チョコレート","深夜の一杯"
1371,4,"チョコレート","木彫りの百舌鳥"
1372,4,"チョコレート","ゴッホのチョコマリナード（未遂）"
1373,4,"チョコレート","メモリーズ"
1374,4,"チョコレート","道満の符"
1375,4,"チョコレート","鬼種チョコレートセット"
1376,4,"チョコレート","デビルズフードケーキ"
1377,4,"チョコレート","封じられた最上の美味"
1378,4,"チョコレート","チャンピオントロフィー"
1379,4,"チョコレート","匠の餅"
1380,4,"チョコレート","源平せんべい"
1381,4,"チョコレート","開けてびっくり天狗チョコ"
1382,4,"チョコレート","ヘブンリー・ハート"
1383,4,"チョコレート","カルデア・スプリングホリディ"
1384,5,"","雨雲を越えて"
1385,5,"","フラワー・アンド・カフェ"
1386,5,"","クラブ・アルゴノーツ"
1387,4,"","探偵ヱドモン～蘇る悪夢編～"
1388,4,"","ラウンズ・オン・アイス"
1389,4,"","百鬼夜行"
1390,3,"","カルデア・イレブン"
1391,3,"","至高の学び舎"
1392,3,"","スプレッド・ガン"
1393,3,"","∞ドリーム"
1394,5,"","夢の生まれる街"
1395,4,"","ジャンク・ショップ"
1396,3,"","ハオ・チー？"
1397,5,"","絡繰れぬモノ"
1398,4,"絆礼装","キプロスの記憶"
1399,5,"","フラワー・サンシャイン"
1400,4,"","カルデア・スターズ"
1401,3,"","キャメロット・レッスン"
1402,5,"","茜の空に咲く"
1403,4,"絆礼装","希望を、あなたと"
1404,4,"絆礼装","デモテープ あなたの銀河"
1405,4,"","ハンド・イン・ハンド"
1406,4,"","メイク・ア・トースト"
1407,4,"","セレブレイション・ブーケ"
1408,4,"","アプリシエイション"
1409,4,"","Fate／Grand Carnival 1st Season"
1410,5,"","雪花なき夜の先へ"
1411,5,"","担い手はここに孤り"
1412,4,"","貴石の魔弾"
1413,4,"","虚数属性"
1414,4,"","願望の器"
1415,3,"","持たざる者"
1416,4,"絆礼装","最果てにて"
1417,4,"絆礼装","胃袋で倒せ"
1418,4,"絆礼装","不器用な歓び"
1419,4,"絆礼装","オーロラ"
1420,4,"絆礼装","聖槍ロンギヌス"
1421,4,"英霊巡遊","英霊巡遊：アシュヴァッターマン"
1422,4,"英霊巡遊","英霊巡遊：アストルフォ"
1423,4,"英霊巡遊","英霊巡遊：牛若丸"
1424,4,"英霊巡遊","英霊巡遊：斎藤一"
1425,4,"英霊巡遊","英霊巡遊：ディオスクロイ"
1426,4,"英霊巡遊","英霊巡遊：ボイジャー"
1427,4,"英霊巡遊","英霊巡遊：蘆屋道満"
1428,4,"英霊巡遊","英霊巡遊：アビゲイル・ウィリアムズ"
1429,4,"英霊巡遊","英霊巡遊：ヴァン・ゴッホ"
1430,4,"英霊巡遊","英霊巡遊：織田信勝"
1431,4,"英霊巡遊","英霊巡遊：カーマ"
1432,4,"英霊巡遊","英霊巡遊：ニトクリス"
1433,4,"英霊巡遊","英霊巡遊：イアソン"
1434,4,"英霊巡遊","英霊巡遊：イシュタル"
1435,4,"英霊巡遊","英霊巡遊：エレナ・ブラヴァツキー"
1436,4,"英霊巡遊","英霊巡遊：ジャガーマン"
1437,4,"英霊巡遊","英霊巡遊：謎のアイドルX"
1438,4,"英霊巡遊","英霊巡遊：謎のアルターエゴ・Λ"
1439,4,"","終局特異点 冠位時間神殿ソロモン"
1440,4,"英霊巡遊","英霊巡遊：カーミラ"
1441,4,"英霊巡遊","英霊巡遊：ジェームズ・モリアーティ"
1442,4,"英霊巡遊","英霊巡遊：女王メイヴ"
1443,4,"英霊巡遊","英霊巡遊：紅閻魔"
1444,4,"英霊巡遊","英霊巡遊：ミス・クレーン"
1445,4,"英霊巡遊","英霊巡遊：楊貴妃"
1446,4,"英霊巡遊","英霊巡遊：アスクレピオス"
1447,4,"英霊巡遊","英霊巡遊：アマデウス"
1448,4,"英霊巡遊","英霊巡遊：アルトリア・キャスター"
1449,4,"英霊巡遊","英霊巡遊：アルトリア・ペンドラゴン"
1450,4,"英霊巡遊","英霊巡遊：ヴリトラ"
1451,4,"英霊巡遊","英霊巡遊：スカサハ＝スカディ"
1452,4,"英霊巡遊","英霊巡遊：バーソロミュー・ロバーツ"
1453,4,"英霊巡遊","英霊巡遊：卑弥呼"
1454,4,"英霊巡遊","英霊巡遊：渡辺綱"
1455,4,"英霊巡遊","英霊巡遊：ガレス"
1456,4,"英霊巡遊","英霊巡遊：玄奘三蔵"
1457,4,"英霊巡遊","英霊巡遊：千子村正"
1458,5,"","魔道元帥"
1459,5,"","サマー・アニバーサリー"
1460,4,"","リーディング・ホリデー"
1461,3,"","ゴッフ・スペシャル"
1462,4,"絆礼装","コヤンスカヤの野望～東海岸版～"
1463,4,"","2018年のグロスター"
1464,4,"絆礼装","２千４百年後の約束"
1465,4,"絆礼装","亡き王女のためのパヴァーヌ"
1466,4,"","燈光の少女"
1467,5,"","妙なる帳の中へ"
1468,5,"","エンジェル・ハート"
1469,4,"","ピンキー・ビーチ"
1470,3,"","パイレーツ・オブ・ジャングル"
1471,5,"","トレジャー・オブ・カリビアン"
1472,4,"","黄金の軌跡"
1473,3,"","彩る海の街角で"
1474,5,"","オーシャン・フライヤー"
1475,5,"","シンク・ディーパー"
1476,4,"絆礼装","無穹の空の片隅で"
1477,4,"絆礼装","夏とアイスとヴィイ"
1478,4,"絆礼装","イリュージョン・フォー・ユー"
1479,4,"絆礼装","サマーアドベンチャー・メモリー"
1480,4,"絆礼装","夏の堕落セット"
1481,4,"絆礼装","大海蛇"
1482,4,"絆礼装","あてなるもの2021"
1483,4,"","月夜の闘宴"
1484,4,"","Fate／Grand Carnival 2nd Season"
1485,4,"","冬の結晶"
1486,5,"","銀花の白き姫"
1487,4,"","ちいさな猫のロンド"
1488,3,"","プロタゴニスタ"
1489,5,"","翡翠の髪状"
1490,5,"","小人の仕立て屋さん"
1491,5,"","ベア・キングス"
1492,4,"絆礼装","昏き森淵の護符"
1493,4,"絆礼装","黄金の枷"
1494,4,"絆礼装","休むことなきガラスの靴"
